ad_id,add_to_cart,adset_id,campaign_id,channel,clicks,comments,creative_id,date,engagements,impressions,installs,likes,link_clicks,placement_id,post_click_conversions,post_view_conversions,posts,purchase,registrations,revenue,shares,spend,total_conversions,video_views
,,,42,Twitter,29,0,,04.02.2023,29,6344,,0,12,,,,,,,,,19,,0
,,,45,Twitter,25,0,,29.01.2023,26,8115,,0,10,,,,,,,,,20,,0
,,,13,Twitter,38,0,,20.01.2023,40,9117,,3,10,,,,,,,,,29,,0
,,,6,Twitter,200,0,,16.01.2023,200,66800,,6,127,,,,,,,,,120,,0
,,,20,Twitter,110,0,,02.01.2023,113,38501,,1,95,,,,,,,,,52,,0
,,,8,Twitter,131,0,,30.01.2023,133,42051,,3,90,,,,,,,,,53,,0
,,,23,Twitter,78,0,,05.01.2023,78,26390,,1,51,,,,,,,,,48,,0
,,,41,Twitter,25,0,,30.01.2023,36,1424,,1,12,,,,,,,,,4,,320
,,,7,Twitter,55,0,,03.02.2023,88,2954,,0,36,,,,,,,,,10,,819
,,,8,Twitter,108,0,,30.01.2023,109,27639,,5,55,,,,,,,,,62,,0
,,,1,Twitter,86,0,,24.01.2023,86,35786,,0,68,,,,,,,,,53,,0
,,,7,Twitter,61,0,,30.01.2023,91,4762,,3,32,,,,,,,,,17,,1262
,,,15,Twitter,122,0,,18.01.2023,176,6657,,3,57,,,,,,,,,25,,1750
,,,19,Twitter,98,0,,11.01.2023,143,6215,,3,48,,,,,,,,,24,,1595
,,,15,Twitter,224,0,,14.01.2023,225,67592,,1,159,,,,,,,,,120,,0
,,,7,Twitter,22,0,,27.01.2023,36,1092,,0,14,,,,,,,,,4,,237
,,,38,Twitter,16,0,,04.02.2023,16,6477,,0,10,,,,,,,,,18,,0
,,,49,Twitter,22,0,,03.02.2023,22,9364,,0,12,,,,,,,,,30,,0
,,,34,Twitter,84,0,,22.01.2023,84,28651,,4,43,,,,,,,,,76,,0
,,,7,Twitter,277,0,,20.01.2023,277,103813,,6,214,,,,,,,,,162,,0
,,,30,Twitter,92,0,,19.01.2023,92,37989,,3,69,,,,,,,,,53,,0
,,,5,Twitter,22,0,,18.01.2023,23,4559,,0,16,,,,,,,,,7,,0
,,,32,Twitter,250,0,,16.01.2023,251,102687,,9,192,,,,,,,,,150,,0
,,,2,Twitter,351,0,,05.01.2023,351,107060,,6,280,,,,,,,,,143,,0
,,,8,Twitter,26,0,,28.01.2023,26,5669,,0,13,,,,,,,,,17,,0
,,,35,Twitter,95,0,,27.01.2023,95,26521,,5,53,,,,,,,,,66,,0
,,,42,Twitter,155,0,,27.01.2023,155,39552,,3,120,,,,,,,,,54,,0
,,,23,Twitter,268,0,,23.01.2023,268,108393,,3,202,,,,,,,,,160,,0
,,,11,Twitter,18,0,,11.01.2023,18,4832,,0,16,,,,,,,,,7,,0
,,,17,Twitter,87,0,,06.01.2023,87,27884,,0,66,,,,,,,,,49,,0
,,,11,Twitter,34,0,,01.02.2023,52,2501,,0,18,,,,,,,,,8,,649
,,,42,Twitter,35,0,,02.02.2023,49,3048,,0,17,,,,,,,,,11,,738
,,,44,Twitter,92,0,,21.01.2023,95,24760,,1,29,,,,,,,,,75,,0
,,,30,Twitter,27,0,,14.01.2023,27,7553,,1,22,,,,,,,,,11,,0
,,,16,Twitter,36,0,,02.01.2023,36,9859,,0,25,,,,,,,,,17,,0
,,,42,Twitter,142,0,,27.01.2023,142,39723,,3,99,,,,,,,,,53,,0
,,,42,Twitter,244,0,,24.01.2023,246,101248,,5,192,,,,,,,,,160,,0
,,,46,Twitter,282,0,,19.01.2023,282,110985,,3,233,,,,,,,,,161,,0
,,,7,Twitter,87,0,,17.01.2023,87,37492,,1,69,,,,,,,,,50,,0
,,,22,Twitter,72,0,,16.01.2023,114,6855,,1,40,,,,,,,,,24,,1862
,,,25,Twitter,207,0,,02.01.2023,348,9087,,3,148,,,,,,,,,26,,3088
,,,2,Twitter,21,0,,03.02.2023,21,7219,,0,12,,,,,,,,,20,,0
,,,4,Twitter,27,0,,31.01.2023,27,10091,,0,13,,,,,,,,,28,,0
,,,11,Twitter,98,0,,25.01.2023,100,30482,,0,46,,,,,,,,,98,,0
,,,42,Twitter,116,0,,22.01.2023,116,42426,,0,83,,,,,,,,,54,,0
,,,38,Twitter,21,0,,28.01.2023,31,803,,0,12,,,,,,,,,2,,199
,,,24,Twitter,86,0,,22.01.2023,127,5908,,1,51,,,,,,,,,23,,1439
,,,48,Twitter,179,0,,03.01.2023,298,8663,,0,126,,,,,,,,,26,,2838
,,,32,Twitter,88,0,,06.02.2023,88,26698,,4,53,,,,,,,,,61,,0
,,,2,Twitter,150,0,,27.01.2023,155,36247,,8,78,,,,,,,,,103,,0
,,,11,Twitter,170,0,,14.01.2023,172,46500,,5,116,,,,,,,,,80,,0
,,,30,Twitter,29,0,,03.01.2023,29,9226,,0,23,,,,,,,,,16,,0
,,,26,Twitter,135,0,,02.02.2023,136,33619,,8,72,,,,,,,,,97,,0
,,,39,Twitter,151,0,,15.01.2023,152,46922,,1,100,,,,,,,,,80,,0
,,,50,Twitter,252,0,,11.01.2023,252,70888,,1,192,,,,,,,,,120,,0
,,,30,Twitter,107,0,,08.01.2023,108,27850,,4,83,,,,,,,,,44,,0
,,,35,Twitter,112,0,,06.02.2023,166,5273,,1,58,,,,,,,,,18,,1496
,,,8,Twitter,30,0,,30.01.2023,48,1232,,0,20,,,,,,,,,4,,318
,,,9,Twitter,117,0,,01.02.2023,120,35455,,5,66,,,,,,,,,97,,0
,,,19,Twitter,252,0,,05.01.2023,252,84477,,4,196,,,,,,,,,123,,0
,,,32,Twitter,370,1,,31.01.2023,377,128439,,4,299,,,,,,,,,160,,0
,,,35,Twitter,35,0,,05.02.2023,35,10850,,1,23,,,,,,,,,31,,0
,,,8,Twitter,276,0,,04.01.2023,276,80918,,3,212,,,,,,,,,121,,0
,,,34,Twitter,176,0,,28.01.2023,176,42290,,4,140,,,,,,,,,54,,0
,,,8,Twitter,148,1,,13.01.2023,151,45900,,1,114,,,,,,,,,80,,0
,,,5,Twitter,42,0,,10.01.2023,42,7023,,0,36,,,,,,,,,11,,0
,,,28,Twitter,69,0,,06.01.2023,69,26848,,0,56,,,,,,,,,47,,0
,,,29,Twitter,161,0,,03.02.2023,162,34662,,5,92,,,,,,,,,99,,0
,,,45,Twitter,27,0,,02.01.2023,27,9676,,0,16,,,,,,,,,17,,0
,,,50,Twitter,18,0,,02.01.2023,18,5144,,0,10,,,,,,,,,8,,0
,,,19,Twitter,88,0,,24.01.2023,88,36020,,0,69,,,,,,,,,53,,0
,,,40,Twitter,36,0,,04.02.2023,48,2518,,1,14,,,,,,,,,8,,629
,,,42,Twitter,21,0,,30.01.2023,21,6764,,0,12,,,,,,,,,18,,0
,,,33,Twitter,157,0,,11.01.2023,160,50252,,1,131,,,,,,,,,80,,0
,,,27,Twitter,98,0,,08.01.2023,98,27477,,1,66,,,,,,,,,44,,0
,,,9,Twitter,42,0,,02.02.2023,60,3203,,1,18,,,,,,,,,10,,728
,,,30,Twitter,39,0,,31.01.2023,60,1871,,0,22,,,,,,,,,6,,436
,,,38,Twitter,96,0,,05.02.2023,151,4956,,3,56,,,,,,,,,15,,1546
,,,3,Twitter,92,0,,15.01.2023,144,6454,,3,53,,,,,,,,,24,,1914
,,,4,Twitter,66,0,,06.01.2023,108,6354,,0,51,,,,,,,,,24,,1290
,,,22,Twitter,27,0,,06.02.2023,27,9756,,0,21,,,,,,,,,28,,0
,,,26,Twitter,44,0,,04.02.2023,44,10016,,1,20,,,,,,,,,31,,0
,,,50,Twitter,100,0,,02.02.2023,101,23966,,8,56,,,,,,,,,60,,0
,,,25,Twitter,22,0,,25.01.2023,22,5625,,0,12,,,,,,,,,20,,0
,,,27,Twitter,240,0,,10.01.2023,240,73993,,3,198,,,,,,,,,123,,0
,,,36,Twitter,77,0,,19.01.2023,118,5622,,3,44,,,,,,,,,22,,1433
,,,23,Twitter,143,0,,31.01.2023,143,42568,,3,112,,,,,,,,,53,,0
,,,27,Twitter,120,0,,26.01.2023,122,34683,,1,78,,,,,,,,,54,,0
,,,8,Twitter,281,0,,14.01.2023,281,101752,,3,229,,,,,,,,,151,,0
,,,49,Twitter,147,0,,05.02.2023,151,39221,,4,77,,,,,,,,,100,,0
,,,14,Twitter,95,0,,03.02.2023,98,24795,,5,58,,,,,,,,,61,,0
,,,3,Twitter,20,0,,31.01.2023,20,8272,,0,14,,,,,,,,,20,,0
,,,47,Twitter,148,0,,16.01.2023,148,45969,,1,109,,,,,,,,,80,,0
,,,13,Twitter,312,0,,02.01.2023,315,89036,,6,231,,,,,,,,,123,,0
,,,10,Twitter,20,0,,02.01.2023,20,9142,,0,16,,,,,,,,,16,,0
,,,32,Twitter,96,0,,15.01.2023,98,38610,,1,79,,,,,,,,,51,,0
,,,24,Twitter,51,0,,31.01.2023,68,4666,,0,18,,,,,,,,,16,,1244
,,,46,Twitter,96,0,,15.01.2023,96,38284,,3,81,,,,,,,,,51,,0
,,,14,Twitter,82,0,,14.01.2023,82,35038,,0,66,,,,,,,,,51,,0
,,,49,Twitter,94,0,,13.01.2023,95,33151,,1,78,,,,,,,,,50,,0
,,,46,Twitter,84,0,,11.01.2023,84,34215,,3,64,,,,,,,,,51,,0
,,,39,Twitter,39,0,,09.01.2023,39,11833,,0,18,,,,,,,,,21,,0
,,,12,Twitter,94,0,,04.01.2023,96,26868,,3,58,,,,,,,,,47,,0
,,,24,Twitter,38,0,,21.01.2023,52,1972,,1,14,,,,,,,,,15,,667
,,,33,Twitter,91,0,,14.01.2023,139,6119,,3,49,,,,,,,,,24,,1699
,,,13,Twitter,377,0,,08.01.2023,378,109886,,6,316,,,,,,,,,141,,0
,,,13,Twitter,34,0,,25.01.2023,49,3550,,0,16,,,,,,,,,10,,826
,,,6,Twitter,91,0,,25.01.2023,91,32977,,0,73,,,,,,,,,54,,0
,,,14,Twitter,282,0,,11.01.2023,283,100864,,5,225,,,,,,,,,150,,0
,,,2,Twitter,34,0,,10.01.2023,34,13010,,1,25,,,,,,,,,20,,0
,,,30,Twitter,81,0,,07.01.2023,81,27131,,1,60,,,,,,,,,46,,0
,,,20,Twitter,92,0,,12.01.2023,138,6070,,0,49,,,,,,,,,24,,1557
,,,23,Twitter,151,3,,31.01.2023,157,40622,,8,77,,,,,,,,,103,,0
,,,46,Twitter,72,0,,23.01.2023,73,20132,,1,40,,,,,,,,,50,,0
,,,50,Twitter,172,0,,12.01.2023,172,46475,,0,140,,,,,,,,,81,,0
,,,8,Twitter,22,0,,01.01.2023,22,8602,,3,12,,,,,,,,,15,,0
,,,7,Twitter,84,0,,10.01.2023,86,31953,,1,68,,,,,,,,,49,,0
,,,13,Twitter,315,0,,04.01.2023,315,104848,,8,243,,,,,,,,,142,,0
,,,14,Twitter,27,0,,01.02.2023,36,3294,,0,10,,,,,,,,,12,,861
,,,11,Twitter,95,0,,08.01.2023,150,7341,,1,56,,,,,,,,,26,,1902
,,,43,Twitter,144,0,,18.01.2023,144,39001,,4,88,,,,,,,,,72,,0
,,,1,Twitter,308,0,,21.01.2023,308,111390,,5,257,,,,,,,,,161,,0
,,,3,Twitter,126,0,,11.01.2023,127,33938,,1,98,,,,,,,,,50,,0
,,,2,Twitter,40,0,,05.01.2023,40,13237,,0,29,,,,,,,,,19,,0
,,,34,Twitter,62,0,,28.01.2023,84,5309,,4,23,,,,,,,,,20,,1378
,,,31,Twitter,46,0,,27.01.2023,64,3949,,0,20,,,,,,,,,16,,1014
,,,32,Twitter,16,0,,28.01.2023,16,7411,,0,14,,,,,,,,,21,,0
,,,24,Twitter,21,0,,29.01.2023,21,7288,,0,12,,,,,,,,,18,,0
,,,46,Twitter,268,0,,18.01.2023,270,101720,,8,217,,,,,,,,,155,,0
,,,6,Twitter,29,0,,16.01.2023,29,7910,,1,21,,,,,,,,,12,,0
,,,27,Twitter,34,0,,04.01.2023,34,11991,,0,26,,,,,,,,,18,,0
,,,48,Twitter,159,0,,04.01.2023,273,8129,,3,118,,,,,,,,,26,,2256
,,,27,Twitter,16,0,,05.02.2023,16,6453,,0,10,,,,,,,,,16,,0
,,,47,Twitter,94,0,,04.02.2023,94,25558,,3,49,,,,,,,,,60,,0
,,,29,Twitter,150,0,,29.01.2023,151,37144,,8,64,,,,,,,,,96,,0
,,,44,Twitter,313,0,,22.01.2023,315,124571,,3,247,,,,,,,,,160,,0
,,,21,Twitter,30,0,,25.01.2023,40,2054,,0,12,,,,,,,,,5,,425
,,,42,Twitter,20,0,,02.02.2023,20,7519,,0,13,,,,,,,,,21,,0
,,,24,Twitter,101,0,,24.01.2023,103,27212,,1,43,,,,,,,,,80,,0
,,,45,Twitter,315,0,,12.01.2023,315,102415,,6,251,,,,,,,,,151,,0
,,,30,Twitter,285,0,,09.01.2023,286,93613,,6,237,,,,,,,,,141,,0
,,,35,Twitter,23,0,,05.02.2023,23,6903,,0,16,,,,,,,,,19,,0
,,,8,Twitter,22,0,,03.01.2023,23,9568,,0,14,,,,,,,,,17,,0
,,,10,Twitter,274,0,,26.01.2023,276,98618,,3,220,,,,,,,,,160,,0
,,,50,Twitter,309,0,,06.01.2023,311,101186,,6,242,,,,,,,,,144,,0
,,,25,Twitter,22,0,,23.01.2023,22,5044,,0,10,,,,,,,,,15,,0
,,,34,Twitter,81,0,,19.01.2023,83,24722,,1,30,,,,,,,,,68,,0
,,,34,Twitter,216,0,,12.01.2023,216,66842,,6,155,,,,,,,,,120,,0
,,,35,Twitter,195,0,,05.01.2023,198,59908,,4,156,,,,,,,,,82,,0
,,,43,Twitter,185,0,,04.01.2023,186,56559,,3,156,,,,,,,,,81,,0
,,,48,Twitter,185,0,,02.01.2023,185,60129,,3,143,,,,,,,,,82,,0
,,,35,Twitter,114,0,,21.01.2023,114,39611,,1,87,,,,,,,,,53,,0
,,,29,Twitter,87,0,,13.01.2023,87,33484,,0,68,,,,,,,,,51,,0
,,,27,Twitter,34,0,,07.01.2023,34,9729,,0,12,,,,,,,,,18,,0
,,,20,Twitter,16,0,,27.01.2023,26,1031,,0,12,,,,,,,,,4,,234
,,,16,Twitter,42,1,,02.02.2023,68,1366,,0,25,,,,,,,,,4,,337
,,,46,Twitter,46,0,,29.01.2023,47,11157,,0,14,,,,,,,,,32,,0
,,,20,Twitter,46,0,,20.01.2023,46,12623,,0,14,,,,,,,,,50,,0
,,,18,Twitter,36,0,,19.01.2023,36,13079,,0,18,,,,,,,,,39,,0
,,,14,Twitter,101,0,,09.01.2023,103,27903,,4,81,,,,,,,,,44,,0
,,,28,Twitter,88,0,,13.01.2023,127,6006,,1,40,,,,,,,,,23,,1533
,,,20,Twitter,22,0,,20.01.2023,34,1100,,0,12,,,,,,,,,7,,360
,,,13,Twitter,95,0,,23.01.2023,96,28391,,1,49,,,,,,,,,80,,0
,,,40,Twitter,179,0,,18.01.2023,179,56533,,6,100,,,,,,,,,108,,0
,,,25,Twitter,31,0,,02.01.2023,31,9476,,0,21,,,,,,,,,17,,0
,,,19,Twitter,36,0,,30.01.2023,36,11099,,0,31,,,,,,,,,32,,0
,,,50,Twitter,109,1,,29.01.2023,110,25987,,3,58,,,,,,,,,60,,0
,,,16,Twitter,74,0,,03.01.2023,77,20501,,1,61,,,,,,,,,28,,0
,,,25,Twitter,426,0,,27.01.2023,429,116896,,0,333,,,,,,,,,160,,0
,,,6,Twitter,100,0,,21.01.2023,100,40188,,0,82,,,,,,,,,54,,0
,,,20,Twitter,268,0,,17.01.2023,270,107882,,4,205,,,,,,,,,150,,0
,,,26,Twitter,21,0,,22.01.2023,21,5503,,0,12,,,,,,,,,14,,0
,,,47,Twitter,212,0,,17.01.2023,214,69423,,4,166,,,,,,,,,121,,0
,,,18,Twitter,22,0,,03.01.2023,22,9611,,0,14,,,,,,,,,17,,0
,,,31,Twitter,135,0,,28.01.2023,135,41596,,0,107,,,,,,,,,53,,0
,,,37,Twitter,114,0,,20.01.2023,114,35762,,0,88,,,,,,,,,53,,0
,,,15,Twitter,83,0,,07.01.2023,83,26426,,0,70,,,,,,,,,44,,0
,,,5,Twitter,27,0,,20.01.2023,40,1421,,1,14,,,,,,,,,13,,386
,,,3,Twitter,96,1,,26.01.2023,101,24203,,5,43,,,,,,,,,66,,0
,,,44,Twitter,230,0,,06.01.2023,230,77147,,5,172,,,,,,,,,123,,0
,,,34,Twitter,199,0,,03.01.2023,199,59017,,3,151,,,,,,,,,82,,0
,,,7,Twitter,266,0,,13.01.2023,269,96226,,8,200,,,,,,,,,148,,0
,,,43,Twitter,43,0,,23.01.2023,81,6239,,1,27,,,,,,,,,4,,1071
,,,22,Twitter,181,0,,10.01.2023,181,52794,,6,140,,,,,,,,,82,,0
,,,12,Twitter,162,0,,30.01.2023,162,42738,,0,124,,,,,,,,,54,,0
,,,17,Twitter,203,0,,25.01.2023,204,92334,,1,152,,,,,,,,,160,,0
,,,10,Twitter,113,0,,16.01.2023,114,38327,,0,88,,,,,,,,,50,,0
,,,20,Twitter,107,0,,09.01.2023,168,7310,,1,61,,,,,,,,,26,,1762
,,,40,Twitter,25,0,,27.01.2023,25,8704,,1,16,,,,,,,,,27,,0
,,,16,Twitter,58,0,,19.01.2023,58,15968,,0,29,,,,,,,,,40,,0
,,,33,Twitter,273,0,,09.01.2023,274,73011,,1,213,,,,,,,,,123,,0
,,,27,Twitter,290,0,,07.01.2023,291,79784,,1,248,,,,,,,,,123,,0
,,,2,Twitter,79,0,,25.01.2023,81,32219,,0,68,,,,,,,,,52,,0
,,,38,Twitter,326,0,,15.01.2023,330,108226,,12,266,,,,,,,,,151,,0
,,,12,Twitter,84,0,,12.01.2023,84,35335,,1,64,,,,,,,,,51,,0
,,,41,Twitter,39,0,,06.01.2023,39,11918,,0,31,,,,,,,,,18,,0
,,,5,Twitter,134,0,,04.02.2023,135,37328,,5,74,,,,,,,,,100,,0
,,,40,Twitter,209,0,,13.01.2023,211,66405,,1,153,,,,,,,,,120,,0
,,,9,Twitter,20,0,,02.01.2023,20,5110,,1,10,,,,,,,,,8,,0
,,,11,Twitter,91,0,,23.01.2023,94,40967,,0,70,,,,,,,,,53,,0
,,,48,Twitter,112,0,,12.01.2023,113,35001,,4,78,,,,,,,,,51,,0
,,,18,Twitter,34,0,,24.01.2023,46,2579,,3,13,,,,,,,,,8,,641
,,,44,Twitter,29,0,,29.01.2023,42,888,,1,16,,,,,,,,,3,,231
,,,50,Twitter,84,0,,01.02.2023,90,25236,,8,39,,,,,,,,,59,,0
,,,19,Twitter,131,1,,30.01.2023,134,38626,,3,75,,,,,,,,,100,,0
,,,4,Twitter,424,0,,30.01.2023,424,127465,,4,339,,,,,,,,,161,,0
,,,23,Twitter,20,0,,13.01.2023,20,8359,,3,12,,,,,,,,,13,,0
,,,45,Twitter,90,0,,04.01.2023,91,27108,,1,61,,,,,,,,,47,,0
,,,3,Twitter,156,0,,09.01.2023,157,50018,,4,110,,,,,,,,,82,,0
,,,1,Twitter,237,0,,08.01.2023,237,60600,,6,198,,,,,,,,,82,,0
,,,33,Twitter,164,0,,07.01.2023,164,56963,,3,135,,,,,,,,,82,,0
,,,8,Twitter,450,0,,29.01.2023,450,126738,,4,354,,,,,,,,,160,,0
,,,34,Twitter,87,0,,14.01.2023,87,35313,,1,66,,,,,,,,,51,,0
,,,40,Twitter,265,0,,10.01.2023,265,95923,,4,209,,,,,,,,,142,,0
,,,25,Twitter,114,0,,10.01.2023,114,32020,,1,82,,,,,,,,,49,,0
,,,7,Twitter,26,0,,01.02.2023,42,1795,,0,16,,,,,,,,,6,,482
,,,16,Twitter,109,0,,05.02.2023,109,26946,,4,79,,,,,,,,,60,,0
,,,39,Twitter,316,0,,08.01.2023,316,86635,,5,257,,,,,,,,,123,,0
,,,18,Twitter,79,0,,03.01.2023,79,20396,,0,64,,,,,,,,,28,,0
,,,10,Twitter,139,0,,29.01.2023,140,42899,,1,113,,,,,,,,,54,,0
,,,27,Twitter,361,0,,28.01.2023,363,119261,,8,295,,,,,,,,,161,,0
,,,1,Twitter,90,0,,18.01.2023,92,36377,,5,62,,,,,,,,,53,,0
,,,6,Twitter,30,0,,15.01.2023,30,7846,,0,22,,,,,,,,,11,,0
,,,5,Twitter,34,0,,06.02.2023,51,1152,,0,18,,,,,,,,,3,,287
,,,12,Twitter,121,0,,26.01.2023,124,32899,,5,68,,,,,,,,,103,,0
,,,2,Twitter,131,0,,02.01.2023,131,39035,,1,103,,,,,,,,,52,,0
,,,13,Twitter,320,0,,07.01.2023,320,107904,,3,255,,,,,,,,,143,,0
,,,30,Twitter,224,0,,15.01.2023,224,67770,,6,160,,,,,,,,,120,,0
,,,49,Twitter,157,0,,31.01.2023,157,43270,,3,126,,,,,,,,,54,,0
,,,17,Twitter,34,0,,11.01.2023,34,7709,,0,26,,,,,,,,,11,,0
,,,16,Twitter,86,0,,10.01.2023,136,7272,,0,55,,,,,,,,,26,,1689
,,,11,Twitter,142,0,,28.01.2023,142,34347,,5,65,,,,,,,,,99,,0
,,,40,Twitter,173,0,,17.01.2023,174,48304,,3,133,,,,,,,,,81,,0
,,,26,Twitter,104,0,,22.01.2023,104,42104,,3,74,,,,,,,,,53,,0
,,,48,Twitter,58,0,,29.01.2023,81,5213,,0,26,,,,,,,,,18,,1448
,,,34,Twitter,21,1,,31.01.2023,31,1128,,0,12,,,,,,,,,4,,300
,,,3,Twitter,113,0,,05.01.2023,177,6781,,0,72,,,,,,,,,25,,1866
,,,50,Twitter,183,0,,01.01.2023,316,8707,,0,138,,,,,,,,,26,,2777
,,,13,Twitter,82,0,,16.01.2023,84,39261,,0,62,,,,,,,,,51,,0
,,,35,Twitter,39,0,,03.02.2023,55,2868,,0,18,,,,,,,,,9,,660
,,,20,Twitter,32,0,,29.01.2023,53,1706,,0,21,,,,,,,,,5,,439
,,,35,Twitter,36,0,,26.01.2023,56,4371,,3,21,,,,,,,,,15,,976
,,,17,Twitter,92,0,,17.01.2023,130,6808,,4,42,,,,,,,,,24,,1746
,,,7,Twitter,103,0,,07.01.2023,162,7227,,1,66,,,,,,,,,26,,1719
,,,26,Twitter,57,0,,25.01.2023,58,21834,,0,30,,,,,,,,,61,,0
,,,37,Twitter,247,0,,03.01.2023,247,81341,,3,194,,,,,,,,,123,,0
,,,35,Twitter,90,0,,20.01.2023,91,35997,,0,69,,,,,,,,,54,,0
,,,34,Twitter,94,0,,18.01.2023,94,35337,,0,77,,,,,,,,,51,,0
,,,3,Twitter,44,0,,09.01.2023,44,13493,,0,35,,,,,,,,,21,,0
,,,1,Twitter,77,0,,05.01.2023,78,26151,,1,52,,,,,,,,,47,,0
,,,50,Twitter,25,0,,24.01.2023,34,1518,,0,17,,,,,,,,,6,,425
,,,42,Twitter,144,0,,06.02.2023,146,38986,,6,84,,,,,,,,,100,,0
,,,28,Twitter,127,0,,31.01.2023,127,28530,,6,72,,,,,,,,,63,,0
,,,14,Twitter,152,0,,29.01.2023,153,42570,,1,125,,,,,,,,,53,,0
,,,50,Twitter,96,0,,23.01.2023,96,41162,,3,77,,,,,,,,,53,,0
,,,9,Twitter,44,0,,08.01.2023,44,15323,,1,29,,,,,,,,,21,,0
,,,4,Twitter,104,0,,03.01.2023,105,39510,,1,84,,,,,,,,,49,,0
,,,14,Twitter,46,0,,25.01.2023,62,2594,,0,20,,,,,,,,,6,,532
,,,46,Twitter,16,0,,28.01.2023,26,668,,1,10,,,,,,,,,2,,172
,,,22,Twitter,56,0,,21.01.2023,57,16519,,1,31,,,,,,,,,45,,0
,,,11,Twitter,202,0,,06.01.2023,202,54230,,3,164,,,,,,,,,82,,0
,,,26,Twitter,120,0,,19.01.2023,121,38298,,3,100,,,,,,,,,54,,0
,,,5,Twitter,46,0,,07.01.2023,46,13074,,0,36,,,,,,,,,19,,0
,,,37,Twitter,88,0,,04.02.2023,146,3840,,0,57,,,,,,,,,13,,1115
,,,38,Twitter,31,0,,03.01.2023,31,9366,,0,21,,,,,,,,,16,,0
,,,14,Twitter,101,0,,09.01.2023,101,28019,,4,74,,,,,,,,,44,,0
,,,9,Twitter,30,0,,08.01.2023,30,11339,,0,18,,,,,,,,,20,,0
,,,22,Twitter,35,0,,05.01.2023,35,6956,,0,13,,,,,,,,,13,,0
,,,6,Twitter,103,0,,28.01.2023,107,23744,,3,48,,,,,,,,,59,,0
,,,42,Twitter,52,0,,22.01.2023,52,19451,,0,27,,,,,,,,,46,,0
,,,26,Twitter,46,0,,20.01.2023,51,15944,,0,12,,,,,,,,,57,,0
,,,10,Twitter,32,0,,20.01.2023,32,10455,,1,12,,,,,,,,,36,,0
,,,6,Twitter,108,0,,17.01.2023,108,38060,,0,86,,,,,,,,,51,,0
,,,40,Twitter,22,0,,17.01.2023,22,8311,,0,18,,,,,,,,,12,,0
,,,14,Twitter,96,0,,23.01.2023,151,6362,,0,57,,,,,,,,,24,,1602
,,,15,Twitter,21,0,,21.01.2023,31,1257,,0,10,,,,,,,,,5,,393
,,,47,Twitter,65,0,,24.01.2023,66,19180,,1,30,,,,,,,,,49,,0
,,,32,Twitter,133,0,,26.01.2023,133,34701,,1,107,,,,,,,,,53,,0
1,0,1,1,Facebook,56,0,1,06.02.2023,1019,1591,0,0,56,,,,,0,0,0,0,37,0,
1,6,1,1,Facebook,42,0,1,06.02.2023,42,462,0,0,42,,,,,1,0,248,0,23,1,
1,0,1,1,Facebook,422,1,1,06.02.2023,4071,17334,0,0,428,,,,,0,0,0,1,96,0,
1,0,1,1,Facebook,13,0,1,06.02.2023,686,1646,0,0,12,,,,,0,0,0,0,9,0,
1,1,1,1,Facebook,16,0,1,06.02.2023,16,3696,0,0,16,,,,,0,0,0,0,21,0,
1,0,1,1,Facebook,112,1,1,06.02.2023,5425,51368,0,0,112,,,,,1,0,198,0,332,1,
1,0,1,1,Facebook,107,1,1,06.02.2023,4179,15034,0,0,107,,,,,0,16,0,22,94,0,
2,569,2,2,Facebook,2896,0,2,06.02.2023,2896,84066,0,0,2896,,,,,151,0,45123,6,1177,151,
2,0,2,2,Facebook,675,1,2,06.02.2023,2820,11601,0,0,675,,,,,0,0,0,1,133,0,
2,0,2,2,Facebook,12,0,2,06.02.2023,756,6146,0,0,12,,,,,0,0,0,0,99,0,
2,0,2,2,Facebook,27,0,2,06.02.2023,1077,7583,0,0,27,,,,,0,0,0,0,90,0,
2,0,2,2,Facebook,42,0,2,06.02.2023,42,3268,0,0,42,,,,,0,0,0,3,120,0,
2,0,2,2,Facebook,32,0,2,06.02.2023,321,2424,0,0,32,,,,,0,0,0,0,30,0,
2,0,2,2,Facebook,27,0,2,06.02.2023,27,1772,0,0,27,,,,,0,0,0,1,11,0,
2,0,2,2,Facebook,40,1,2,06.02.2023,2563,15517,0,0,40,,,,,0,0,0,0,133,0,
3,0,3,3,Facebook,30,0,3,06.02.2023,485,1755,0,0,30,,,,,0,0,0,0,27,0,
3,0,3,3,Facebook,12,0,3,06.02.2023,81,192,0,0,12,,,,,0,0,0,0,2,0,
3,0,3,3,Facebook,43,0,3,06.02.2023,1451,9577,0,0,43,,,,,0,0,0,1,81,0,
3,0,3,3,Facebook,20,0,3,06.02.2023,20,4248,0,0,20,,,,,0,0,0,0,63,0,
3,0,3,3,Facebook,14,0,3,07.02.2023,14,146,0,0,14,,,,,0,0,0,0,2,0,
3,0,3,3,Facebook,32,0,3,06.02.2023,32,3064,0,0,32,,,,,0,0,0,0,67,0,
3,0,3,3,Facebook,43,0,3,06.02.2023,1088,2690,0,0,43,,,,,0,0,0,0,47,0,
3,0,3,3,Facebook,20,0,3,06.02.2023,240,954,0,0,20,,,,,0,0,0,0,12,0,
3,0,3,3,Facebook,55,0,3,06.02.2023,528,9771,0,0,55,,,,,0,0,0,1,48,0,
3,0,3,3,Facebook,25,0,3,06.02.2023,811,6773,0,0,25,,,,,0,0,0,0,60,0,
3,0,3,3,Facebook,224,0,3,06.02.2023,224,19118,0,0,224,,,,,1,0,575,0,254,1,
3,3,3,3,Facebook,296,0,3,06.02.2023,296,5890,0,0,296,,,,,0,0,0,3,65,0,
4,0,4,4,Facebook,84,0,4,06.02.2023,84,6227,0,0,84,,,,,0,4,0,0,27,0,
4,0,4,4,Facebook,278,0,4,06.02.2023,16184,129574,0,0,278,,,,,1,0,385,1,666,1,
4,0,4,4,Facebook,10,0,4,06.02.2023,429,2985,0,0,10,,,,,0,0,0,0,102,0,
4,0,4,4,Facebook,32,0,4,06.02.2023,32,5070,0,0,32,,,,,0,0,0,5,135,0,
4,0,4,4,Facebook,10,0,4,06.02.2023,3198,3359,0,0,10,,,,,0,0,0,0,47,0,
4,0,4,4,Facebook,95,0,4,06.02.2023,95,14495,0,0,95,,,,,0,0,0,0,101,0,
4,9,4,4,Facebook,332,0,4,06.02.2023,332,10538,0,0,332,,,,,1,0,480,1,165,1,
4,0,4,4,Facebook,10,0,4,06.02.2023,10,1540,0,0,10,,,,,0,0,0,0,7,0,
4,0,4,4,Facebook,44,0,4,06.02.2023,682,6105,0,0,44,,,,,0,0,0,0,38,0,
5,0,5,5,Facebook,44,0,5,06.02.2023,44,111462,0,0,44,,,,,0,0,0,0,163,0,
5,0,5,5,Facebook,36,0,5,06.02.2023,36,3097,0,0,35,,,,,0,0,0,4,17,0,
5,0,5,5,Facebook,161,0,5,06.02.2023,161,4501,0,0,161,,,,,0,0,0,0,28,0,
5,0,5,5,Facebook,12,0,5,06.02.2023,302,2743,0,0,12,,,,,0,0,0,0,42,0,
5,0,5,5,Facebook,21,0,5,06.02.2023,750,5984,0,0,21,,,,,0,0,0,0,82,0,
5,0,5,5,Facebook,10,0,5,06.02.2023,227,988,0,0,10,,,,,0,0,0,0,18,0,
5,0,5,5,Facebook,21,1,5,06.02.2023,21,3593,0,0,21,,,,,0,0,0,0,62,0,
5,0,5,5,Facebook,22,0,5,06.02.2023,22,3957,0,0,22,,,,,0,0,0,1,29,0,
5,0,5,5,Facebook,38,0,5,06.02.2023,238,2235,0,0,38,,,,,0,0,0,0,39,0,
5,0,5,5,Facebook,51,0,5,06.02.2023,974,1919,0,0,51,,,,,0,0,0,0,20,0,
5,0,5,5,Facebook,159,0,5,06.02.2023,1952,4316,0,0,159,,,,,0,0,0,0,47,0,
5,0,5,5,Facebook,30,0,5,06.02.2023,462,1461,0,0,30,,,,,0,0,0,0,17,0,
6,0,6,6,Facebook,48,0,6,06.02.2023,1555,14771,0,0,48,,,,,6,0,2570,0,275,6,
6,0,6,6,Facebook,16,0,6,06.02.2023,276,812,0,0,16,,,,,0,0,0,0,12,0,
6,0,6,6,Facebook,23,0,6,06.02.2023,1535,9459,0,0,23,,,,,0,0,0,0,72,0,
6,0,6,6,Facebook,17,0,6,06.02.2023,17,1013,0,0,17,,,,,0,0,0,0,15,0,
6,0,6,6,Facebook,21,0,6,06.02.2023,807,3714,0,0,21,,,,,0,0,0,0,66,0,
6,0,6,6,Facebook,72,0,6,06.02.2023,489,3147,0,0,72,,,,,0,0,0,0,42,0,
7,0,7,7,Facebook,57,0,7,06.02.2023,57,2518,0,0,57,,,,,0,0,0,0,13,0,
7,0,7,7,Facebook,105,0,7,06.02.2023,1668,2658,0,0,105,,,,,0,0,0,0,54,0,
7,0,7,7,Facebook,14,0,7,06.02.2023,14,2356,0,0,14,,,,,0,0,0,0,32,0,
7,0,7,7,Facebook,25,0,7,06.02.2023,343,768,0,0,25,,,,,0,0,0,0,16,0,
7,9,7,7,Facebook,644,0,7,06.02.2023,644,17542,0,0,644,,,,,0,0,0,3,317,0,
7,0,7,7,Facebook,20,1,7,06.02.2023,1172,8645,0,0,20,,,,,0,0,0,0,145,0,
8,0,8,8,Facebook,16,0,8,06.02.2023,237,1318,0,0,16,,,,,0,0,0,0,24,0,
8,0,8,8,Facebook,116,0,8,06.02.2023,1566,2301,0,0,113,,,,,0,0,0,0,56,0,
8,0,8,8,Facebook,14,0,8,06.02.2023,539,6708,0,0,14,,,,,0,0,0,0,77,0,
8,0,8,8,Facebook,23,0,8,06.02.2023,1034,8208,0,0,23,,,,,0,0,0,0,75,0,
8,0,8,8,Facebook,40,0,8,06.02.2023,737,2396,0,0,42,,,,,0,0,0,0,20,0,
8,0,8,8,Facebook,16,0,8,06.02.2023,16,1669,0,0,16,,,,,0,0,0,0,50,0,
8,0,8,8,Facebook,14,0,8,06.02.2023,14,2276,0,0,14,,,,,0,0,0,0,33,0,
8,0,8,8,Facebook,38,0,8,06.02.2023,533,991,0,0,38,,,,,0,0,0,0,23,0,
8,0,8,8,Facebook,22,0,8,06.02.2023,262,820,0,0,22,,,,,0,0,0,0,9,0,
8,0,8,8,Facebook,61,0,8,06.02.2023,61,9434,0,0,61,,,,,0,0,0,0,43,0,
8,0,8,8,Facebook,60,3,8,06.02.2023,1615,12679,0,0,60,,,,,0,0,0,0,187,0,
9,0,9,9,Facebook,25,0,9,06.02.2023,25,7024,0,0,25,,,,,0,0,0,0,40,0,
9,0,9,9,Facebook,14,0,9,06.02.2023,1284,2961,0,0,14,,,,,0,0,0,0,19,0,
9,87,9,9,Facebook,603,0,9,06.02.2023,603,24019,0,0,603,,,,,16,0,4427,0,281,16,
9,0,9,9,Facebook,49,0,9,06.02.2023,1105,10700,0,0,49,,,,,0,0,0,0,50,0,
9,0,9,9,Facebook,30,0,9,06.02.2023,614,1790,0,0,30,,,,,0,0,0,0,24,0,
9,0,9,9,Facebook,144,0,9,06.02.2023,144,8684,0,0,144,,,,,0,0,0,0,111,0,
9,0,9,9,Facebook,21,0,9,06.02.2023,21,4547,0,0,21,,,,,0,0,0,0,34,0,
9,0,9,9,Facebook,10,0,9,06.02.2023,100,360,0,0,10,,,,,0,0,0,0,4,0,
9,0,9,9,Facebook,16,0,9,06.02.2023,16,1412,0,0,16,,,,,0,0,0,0,11,0,
9,64,9,9,Facebook,833,0,9,06.02.2023,833,24001,0,0,833,,,,,6,0,1893,0,213,6,
9,0,9,9,Facebook,10,0,9,06.02.2023,10,1173,0,0,10,,,,,0,0,0,0,24,0,
10,0,10,10,Facebook,12,0,10,06.02.2023,138,334,0,0,12,,,,,0,0,0,0,5,0,
10,0,10,10,Facebook,72,0,10,06.02.2023,1168,2499,0,0,72,,,,,0,0,0,0,44,0,
10,0,10,10,Facebook,17,0,10,06.02.2023,609,3230,0,0,17,,,,,0,0,0,0,46,0,
10,0,10,10,Facebook,27,0,10,06.02.2023,27,6344,0,0,27,,,,,0,0,0,0,61,0,
10,0,10,10,Facebook,20,0,10,06.02.2023,410,732,0,0,20,,,,,0,0,0,0,7,0,
10,0,10,10,Facebook,25,0,10,06.02.2023,25,3548,0,0,25,,,,,0,0,0,1,18,0,
10,0,10,10,Facebook,52,0,10,06.02.2023,1975,15584,0,0,52,,,,,0,0,0,0,152,0,
10,0,10,10,Facebook,23,0,10,06.02.2023,23,7194,0,0,23,,,,,1,0,0,0,50,1,
10,170,10,10,Facebook,1065,0,10,06.02.2023,1065,21511,0,0,1065,,,,,30,0,6787,3,225,30,
11,0,11,11,Facebook,57,0,11,06.02.2023,1109,1949,0,0,57,,,,,0,0,0,0,25,0,
11,0,11,11,Facebook,56,0,11,06.02.2023,56,5435,0,0,56,,,,,0,0,0,0,90,0,
11,0,11,11,Facebook,16,0,11,06.02.2023,383,2097,0,0,16,,,,,0,0,0,0,39,0,
11,0,11,11,Facebook,17,0,11,06.02.2023,394,625,0,0,17,,,,,0,0,0,0,14,0,
11,0,11,11,Facebook,18,0,11,06.02.2023,518,4274,0,0,18,,,,,0,0,0,3,30,0,
11,0,11,11,Facebook,205,0,11,06.02.2023,7381,87734,0,0,205,,,,,0,0,0,0,690,0,
11,0,11,11,Facebook,26,1,11,06.02.2023,26,14977,0,0,26,,,,,0,0,0,0,88,0,
11,321,11,11,Facebook,838,0,11,06.02.2023,838,21678,0,0,838,,,,,57,0,13677,1,346,57,
11,0,11,11,Facebook,25,0,11,06.02.2023,25,5093,0,0,25,,,,,0,0,0,0,32,0,
11,0,11,11,Facebook,160,0,11,06.02.2023,3050,12221,0,0,160,,,,,0,0,0,0,134,0,
11,0,11,11,Facebook,16,0,11,06.02.2023,16,2458,0,0,16,,,,,0,0,0,0,36,0,
11,0,11,11,Facebook,25,0,11,07.02.2023,1528,11526,0,0,25,,,,,0,0,0,0,68,0,
12,21,12,12,Facebook,1214,0,12,06.02.2023,1214,29055,0,0,1210,,,,,5,0,846,4,368,5,
12,0,12,12,Facebook,20,0,12,06.02.2023,20,2502,0,0,20,,,,,0,0,0,0,18,0,
12,0,12,12,Facebook,18,1,12,06.02.2023,18,3896,0,0,18,,,,,0,0,0,0,23,0,
12,421,12,12,Facebook,2417,1,12,06.02.2023,2417,91408,0,0,2417,,,,,83,0,24263,5,965,83,
12,0,12,12,Facebook,96,0,12,06.02.2023,1566,2392,0,0,96,,,,,0,0,0,0,56,0,
12,0,12,12,Facebook,17,0,12,07.02.2023,17,1062,0,0,17,,,,,0,0,0,0,29,0,
12,0,12,12,Facebook,30,0,12,06.02.2023,30,3559,0,0,30,,,,,0,0,0,0,43,0,
12,0,12,12,Facebook,21,0,12,06.02.2023,211,957,0,0,21,,,,,0,0,0,0,8,0,
12,0,12,12,Facebook,148,0,12,06.02.2023,148,11186,0,0,148,,,,,1,0,0,0,59,1,
12,0,12,12,Facebook,116,0,12,06.02.2023,4780,56823,0,0,116,,,,,0,0,0,0,539,0,
13,1535,13,13,Facebook,237,4,13,06.02.2023,237,137072,6,0,237,,,,,604,0,13221,0,1129,604,
13,0,13,13,Facebook,44,0,13,06.02.2023,44,1248,0,0,44,,,,,0,0,0,0,7,0,
13,0,13,13,Facebook,51,0,13,06.02.2023,917,3117,0,0,51,,,,,0,0,0,0,37,0,
13,0,13,13,Facebook,35,0,13,06.02.2023,35,9168,0,0,35,,,,,0,0,0,0,63,0,
14,0,14,14,Facebook,13,0,14,06.02.2023,13,4746,0,0,13,,,,,0,0,0,0,10,0,
14,0,14,14,Facebook,17,0,14,06.02.2023,17,3497,0,0,17,,,,,0,0,0,0,21,0,
14,0,14,14,Facebook,16,0,14,06.02.2023,2966,4694,0,0,16,,,,,0,0,0,0,40,0,
14,0,14,14,Facebook,29,1,14,06.02.2023,1066,8211,0,0,29,,,,,0,0,0,3,92,0,
14,0,14,14,Facebook,10,0,14,06.02.2023,325,798,0,0,10,,,,,0,0,0,1,7,0,
14,0,14,14,Facebook,20,0,14,06.02.2023,312,4029,0,0,20,,,,,0,0,0,0,61,0,
14,0,14,14,Facebook,21,0,14,06.02.2023,562,4204,0,0,21,,,,,0,0,0,0,47,0,
14,0,14,14,Facebook,29,0,14,06.02.2023,29,64506,0,0,29,,,,,0,0,0,0,93,0,
14,0,14,14,Facebook,13,0,14,06.02.2023,152,655,0,0,13,,,,,0,0,0,0,10,0,
15,0,15,15,Facebook,43,0,15,06.02.2023,560,2773,0,0,43,,,,,0,0,0,1,18,0,
15,0,15,15,Facebook,27,0,15,06.02.2023,1113,9508,0,0,27,,,,,0,0,0,1,147,0,
15,0,15,15,Facebook,60,0,15,06.02.2023,60,11632,0,0,60,,,,,0,0,0,0,163,0,
15,0,15,15,Facebook,27,0,15,06.02.2023,27,3289,0,0,27,,,,,0,0,0,0,36,0,
15,0,15,15,Facebook,49,0,15,06.02.2023,49,9978,0,0,49,,,,,0,0,0,0,62,0,
15,0,15,15,Facebook,17,0,15,06.02.2023,352,1660,0,0,17,,,,,0,0,0,0,10,0,
15,0,15,15,Facebook,13,0,15,06.02.2023,13,8486,0,0,13,,,,,0,0,0,0,22,0,
15,10,15,15,Facebook,436,1,15,06.02.2023,436,14420,0,0,436,,,,,1,0,1452,1,222,1,
15,0,15,15,Facebook,25,0,15,06.02.2023,657,1392,0,0,25,,,,,0,0,0,0,28,0,
15,0,15,15,Facebook,17,0,15,06.02.2023,17,5186,0,0,17,,,,,0,0,0,0,43,0,
15,0,15,15,Facebook,12,0,15,06.02.2023,12,9425,0,0,12,,,,,0,0,0,0,25,0,
15,0,15,15,Facebook,16,0,15,06.02.2023,16,1346,0,0,16,,,,,0,0,0,0,19,0,
16,0,16,16,Facebook,10,0,16,06.02.2023,119,732,0,0,10,,,,,0,0,0,0,14,0,
16,0,16,16,Facebook,12,0,16,06.02.2023,12,2471,0,0,12,,,,,0,0,0,0,10,0,
16,0,16,16,Facebook,14,0,16,06.02.2023,14,3242,0,0,14,,,,,0,0,0,1,29,0,
16,160,16,16,Facebook,829,0,16,06.02.2023,829,33664,0,0,829,,,,,46,0,8474,1,354,46,
16,0,16,16,Facebook,35,1,16,06.02.2023,342,4814,0,0,35,,,,,0,0,0,0,16,0,
16,0,16,16,Facebook,124,0,16,06.02.2023,1796,3617,0,0,124,,,,,0,0,0,0,66,0,
17,0,17,17,Facebook,17,0,17,06.02.2023,546,4281,0,0,17,,,,,0,0,0,0,73,0,
17,0,17,17,Facebook,18,0,17,06.02.2023,307,1994,0,0,18,,,,,0,0,0,0,17,0,
17,0,17,17,Facebook,10,0,17,06.02.2023,10,2800,0,0,10,,,,,0,0,0,0,38,0,
17,0,17,17,Facebook,10,0,17,06.02.2023,10,2320,0,0,10,,,,,0,0,0,1,35,0,
17,0,17,17,Facebook,56,0,17,06.02.2023,878,1370,0,0,56,,,,,0,0,0,0,33,0,
17,0,17,17,Facebook,14,0,17,06.02.2023,14,2687,0,0,14,,,,,0,0,0,1,47,0,
17,0,17,17,Facebook,10,1,17,06.02.2023,279,2197,0,0,10,,,,,0,0,0,0,29,0,
17,0,17,17,Facebook,182,0,17,06.02.2023,182,20414,0,0,182,,,,,0,0,0,3,74,0,
18,0,18,18,Facebook,55,0,18,06.02.2023,55,6881,0,0,55,,,,,0,0,0,0,162,0,
18,0,18,18,Facebook,38,0,18,06.02.2023,1205,9252,0,0,38,,,,,0,0,0,0,131,0,
18,0,18,18,Facebook,16,0,18,06.02.2023,67,658,0,0,16,,,,,0,0,0,0,13,0,
18,0,18,18,Facebook,13,0,18,06.02.2023,13,2636,0,0,13,,,,,0,0,0,0,32,0,
18,52,18,18,Facebook,658,0,18,06.02.2023,658,12724,0,0,651,,,,,10,0,2835,5,193,10,
18,0,18,18,Facebook,12,0,18,06.02.2023,12,2514,0,0,12,,,,,0,0,0,0,26,0,
18,0,18,18,Facebook,169,0,18,06.02.2023,169,16518,0,0,169,,,,,0,0,0,0,184,0,
18,1,18,18,Facebook,56,3,18,06.02.2023,56,4420,0,0,56,,,,,12,0,0,4,21,12,
18,0,18,18,Facebook,31,0,18,06.02.2023,31,79196,0,0,31,,,,,0,0,0,0,115,0,
18,0,18,18,Facebook,21,0,18,06.02.2023,21,569,0,0,21,,,,,0,0,0,0,3,0,
18,0,18,18,Facebook,48,0,18,06.02.2023,750,2788,0,0,48,,,,,0,0,0,1,37,0,
18,0,18,18,Facebook,23,1,18,06.02.2023,685,5465,0,0,23,,,,,0,0,0,0,62,0,
18,0,18,18,Facebook,13,0,18,06.02.2023,13,1695,0,0,13,,,,,0,0,0,0,9,0,
18,0,18,18,Facebook,151,1,18,06.02.2023,1188,6997,0,0,151,,,,,0,0,0,1,76,0,
18,0,18,18,Facebook,20,1,18,06.02.2023,385,1494,0,0,20,,,,,0,0,0,0,11,0,
18,0,18,18,Facebook,10,0,18,06.02.2023,10,3188,0,0,10,,,,,0,0,0,0,40,0,
19,0,19,19,Facebook,21,0,19,06.02.2023,249,1677,0,0,21,,,,,0,0,0,0,14,0,
19,0,19,19,Facebook,20,0,19,06.02.2023,702,5050,0,0,20,,,,,0,0,0,0,88,0,
19,12,19,19,Facebook,18,0,19,06.02.2023,373,6486,0,0,18,,,,,1,0,0,0,51,1,
19,0,19,19,Facebook,166,0,19,06.02.2023,1367,22933,0,0,164,,,,,0,0,0,0,117,0,
19,0,19,19,Facebook,14,0,19,06.02.2023,420,3349,0,0,14,,,,,0,0,0,0,65,0,
19,0,19,19,Facebook,25,0,19,07.02.2023,524,5691,0,0,25,,,,,0,0,0,0,82,0,
19,0,19,19,Facebook,17,0,19,06.02.2023,724,4950,0,0,17,,,,,0,0,0,0,85,0,
19,208,19,19,Facebook,1201,0,19,06.02.2023,1201,36978,0,0,1201,,,,,51,0,11029,0,394,51,
19,0,19,19,Facebook,20,0,19,06.02.2023,20,1052,0,0,20,,,,,0,0,0,0,70,0,
19,0,19,19,Facebook,17,0,19,06.02.2023,134,872,0,0,17,,,,,0,0,0,0,22,0,
20,0,20,20,Facebook,64,1,20,06.02.2023,64,3293,0,0,64,,,,,0,10,0,4,85,0,
20,0,20,20,Facebook,35,0,20,06.02.2023,773,4667,0,0,35,,,,,0,0,0,1,49,0,
20,0,20,20,Facebook,140,0,20,06.02.2023,2198,20437,0,0,140,,,,,0,0,0,0,142,0,
20,0,20,20,Facebook,13,0,20,06.02.2023,122,228,0,0,13,,,,,0,0,0,0,10,0,
20,0,20,20,Facebook,17,0,20,06.02.2023,293,1748,0,0,17,,,,,0,0,0,0,56,0,
20,0,20,20,Facebook,10,0,20,06.02.2023,414,3010,0,0,10,,,,,0,0,0,0,49,0,
20,30,20,20,Facebook,74,0,20,06.02.2023,74,52110,0,0,74,,,,,6,0,2107,0,41,6,
21,0,21,21,Facebook,280,0,21,06.02.2023,3992,18264,0,0,280,,,,,0,0,0,0,74,0,
21,36,21,21,Facebook,1309,0,21,06.02.2023,1309,36668,0,0,1305,,,,,6,0,1045,3,565,6,
21,95,21,21,Facebook,766,1,21,06.02.2023,766,16383,0,0,766,,,,,3,0,223,3,165,3,
21,0,21,21,Facebook,22,0,21,06.02.2023,2333,4125,0,0,22,,,,,0,0,0,0,109,0,
21,0,21,21,Facebook,14,0,21,06.02.2023,392,3589,0,0,14,,,,,0,0,0,0,79,0,
21,0,21,21,Facebook,14,0,21,06.02.2023,14,3225,0,0,14,,,,,0,0,0,0,44,0,
21,0,21,21,Facebook,20,0,21,06.02.2023,21,978,0,0,20,,,,,0,0,0,0,7,0,
21,0,21,21,Facebook,60,0,21,06.02.2023,60,5214,0,0,60,,,,,0,0,0,0,58,0,
21,0,21,21,Facebook,12,0,21,06.02.2023,12,1977,0,0,12,,,,,0,0,0,0,40,0,
22,0,22,22,Facebook,17,0,22,06.02.2023,17,2402,0,0,17,,,,,0,0,0,0,17,0,
22,230,22,22,Facebook,1928,1,22,06.02.2023,1928,30218,0,0,1930,,,,,47,0,11660,1,879,47,
22,0,22,22,Facebook,134,0,22,06.02.2023,589,5417,0,0,134,,,,,0,0,0,0,34,0,
22,0,22,22,Facebook,21,0,22,06.02.2023,301,1694,0,0,21,,,,,0,0,0,0,13,0,
22,0,22,22,Facebook,10,0,22,06.02.2023,10,2770,0,0,10,,,,,0,0,0,0,52,0,
22,0,22,22,Facebook,55,0,22,06.02.2023,55,3613,0,0,55,,,,,1,0,338,0,99,1,
22,0,22,22,Facebook,79,1,22,06.02.2023,1451,3946,0,0,79,,,,,0,0,0,0,40,0,
22,0,22,22,Facebook,20,0,22,06.02.2023,595,3666,0,0,20,,,,,0,0,0,0,13,0,
22,0,22,22,Facebook,14,0,22,06.02.2023,14,3908,0,0,14,,,,,0,0,0,0,24,0,
22,0,22,22,Facebook,14,0,22,06.02.2023,500,2438,0,0,14,,,,,0,0,0,0,40,0,
22,0,22,22,Facebook,17,1,22,06.02.2023,941,7240,0,0,17,,,,,0,0,0,0,79,0,
22,0,22,22,Facebook,23,0,22,06.02.2023,105,1148,0,0,23,,,,,0,0,0,0,6,0,
22,0,22,22,Facebook,108,1,22,06.02.2023,108,18528,0,0,108,,,,,0,0,0,1,111,0,
22,0,22,22,Facebook,30,0,22,06.02.2023,322,559,0,0,30,,,,,0,0,0,0,12,0,
23,0,23,23,Facebook,22,0,23,06.02.2023,22,2447,0,0,22,,,,,0,0,0,0,23,0,
23,1542,23,23,Facebook,160,5,23,06.02.2023,160,92615,14,0,160,,,,,491,0,12240,6,605,491,
23,0,23,23,Facebook,78,0,23,06.02.2023,15956,18733,0,0,78,,,,,0,0,0,0,288,0,
23,0,23,23,Facebook,55,1,23,06.02.2023,1077,8186,0,0,55,,,,,0,0,0,3,89,0,
23,0,23,23,Facebook,36,0,23,06.02.2023,335,762,0,0,36,,,,,0,0,0,0,13,0,
23,0,23,23,Facebook,14,0,23,06.02.2023,14,8919,0,0,14,,,,,0,0,0,0,23,0,
23,0,23,23,Facebook,1148,0,23,06.02.2023,1148,48707,0,0,1148,,,,,12,0,2910,1,1156,12,
23,0,23,23,Facebook,25,0,23,06.02.2023,399,1015,0,0,25,,,,,0,0,0,0,9,0,
23,0,23,23,Facebook,53,0,23,06.02.2023,897,2842,0,0,53,,,,,0,0,0,0,33,0,
23,0,23,23,Facebook,13,0,23,06.02.2023,13,2903,0,0,13,,,,,0,0,0,0,11,0,
23,0,23,23,Facebook,32,0,23,06.02.2023,32,5266,0,0,32,,,,,1,0,357,0,74,1,
23,0,23,23,Facebook,62,0,23,06.02.2023,8682,9775,0,0,62,,,,,0,0,0,0,164,0,
24,0,24,24,Facebook,32,0,24,06.02.2023,496,3163,0,0,32,,,,,0,0,0,0,47,0,
24,420,24,24,Facebook,2371,0,24,06.02.2023,2371,67471,0,0,2371,,,,,90,0,21075,4,842,90,